<?xml version="1.0" encoding="UTF-8"?>
<DEFECTS>
  <DEFECT>
    <SFA>
      <FILEPATH>C:\apps\school-2024\advPrograming\Code Challenge 2\</FILEPATH>
      <FILENAME>Farmer.cpp</FILENAME>
      <LINE>6</LINE>
      <COLUMN>8</COLUMN>
    </SFA>
    <DEFECTCODE>26495</DEFECTCODE>
    <DESCRIPTION>Variable 'Farmer::farms' is uninitialized. Always initialize a member variable (type.6).</DESCRIPTION>
    <FUNCTION>Farmer::{ctor}</FUNCTION>
    <DECORATED>??0Farmer@@QEAA@V?$basic_string@DU?$char_traits@D@std@@V?$allocator@D@2@@std@@@Z</DECORATED>
    <FUNCLINE>6</FUNCLINE>
    <ADDITIONALINFO>
      <targetSymbol>Farmer::farms</targetSymbol>
    </ADDITIONALINFO>
    <PATH></PATH>
  </DEFECT>
</DEFECTS>